{"cameraMode":{"drawMode":0,"name":"Shaded","section":"Shading Mode"},"sceneLighting":false,"audioPlay":false,"sceneViewState":{"showFog":true,"showMaterialUpdate":true,"showSkybox":false,"showFlares":true,"showImageEffects":true,"showParticleSystems":true},"in2DMode":false,"pivot":{"x":-0.05295240879058838,"y":1.6910607814788819,"z":0.9079232215881348},"rotation":{"x":-0.28639674186706545,"y":-0.49543920159339907,"z":0.17721138894557954,"w":-0.8007131814956665},"size":8.077234268188477,"orthographic":false}