{"cameraMode":{"drawMode":0,"name":"Shaded","section":"Shading Mode"},"sceneLighting":false,"audioPlay":false,"sceneViewState":{"showFog":true,"showMaterialUpdate":true,"showSkybox":false,"showFlares":true,"showImageEffects":true,"showParticleSystems":true},"in2DMode":false,"pivot":{"x":-0.3306051790714264,"y":2.654435873031616,"z":4.05273962020874},"rotation":{"x":0.027070200070738794,"y":0.6914072632789612,"z":-0.025938857346773149,"w":0.7215012907981873},"size":3.811856269836426,"orthographic":false}