{"cameraMode":{"drawMode":0,"name":"Shaded","section":"Shading Mode"},"sceneLighting":false,"audioPlay":false,"sceneViewState":{"showFog":true,"showMaterialUpdate":true,"showSkybox":false,"showFlares":true,"showImageEffects":true,"showParticleSystems":true},"in2DMode":false,"pivot":{"x":0.0,"y":2.430000066757202,"z":-3.809999942779541},"rotation":{"x":-0.030582092702388765,"y":0.9418131709098816,"z":0.08926469087600708,"w":0.3225938677787781},"size":5.966889381408691,"orthographic":false}