{"cameraMode":{"drawMode":0,"name":"Shaded","section":"Shading Mode"},"sceneLighting":true,"audioPlay":false,"sceneViewState":{"showFog":true,"showMaterialUpdate":true,"showSkybox":true,"showFlares":true,"showImageEffects":true,"showParticleSystems":true},"in2DMode":false,"pivot":{"x":112.99836730957031,"y":12.407917022705079,"z":133.76161193847657},"rotation":{"x":0.17208167910575868,"y":-0.5403057336807251,"z":0.11397220194339752,"w":0.8157539963722229},"size":150.0721435546875,"orthographic":false}