{"cameraMode":{"drawMode":0,"name":"Shaded","section":"Shading Mode"},"sceneLighting":false,"audioPlay":false,"sceneViewState":{"showFog":true,"showMaterialUpdate":true,"showSkybox":false,"showFlares":true,"showImageEffects":true,"showParticleSystems":true},"in2DMode":false,"pivot":{"x":-0.001192241907119751,"y":2.597700834274292,"z":4.144615650177002},"rotation":{"x":-0.10090029984712601,"y":0.6965791583061218,"z":0.09994280338287354,"w":0.7032938599586487},"size":0.2118566632270813,"orthographic":false}