{"cameraMode":{"drawMode":0,"name":"Shaded","section":"Shading Mode"},"sceneLighting":false,"audioPlay":false,"sceneViewState":{"showFog":true,"showMaterialUpdate":true,"showSkybox":false,"showFlares":true,"showImageEffects":true,"showParticleSystems":true},"in2DMode":false,"pivot":{"x":-12.460896492004395,"y":2.849029779434204,"z":-40.125221252441409},"rotation":{"x":-0.0010933629237115384,"y":0.9781047105789185,"z":-0.005286298226565123,"w":-0.20784500241279603},"size":42.40571212768555,"orthographic":false}