{"cameraMode":{"drawMode":0,"name":"Shaded","section":"Shading Mode"},"sceneLighting":false,"audioPlay":false,"sceneViewState":{"showFog":true,"showMaterialUpdate":true,"showSkybox":false,"showFlares":true,"showImageEffects":true,"showParticleSystems":true},"in2DMode":false,"pivot":{"x":-0.43598008155822756,"y":1.9490442276000977,"z":-0.03473343700170517},"rotation":{"x":0.33769282698631289,"y":0.0513375848531723,"z":-0.018464146181941034,"w":0.9396764039993286},"size":2.6698334217071535,"orthographic":false}