{"cameraMode":{"drawMode":0,"name":"Shaded","section":"Shading Mode"},"sceneLighting":true,"audioPlay":false,"sceneViewState":{"showFog":true,"showMaterialUpdate":true,"showSkybox":true,"showFlares":true,"showImageEffects":true,"showParticleSystems":true},"in2DMode":false,"pivot":{"x":154.45465087890626,"y":-78.12091064453125,"z":2.495419502258301},"rotation":{"x":0.16717131435871125,"y":0.6943475008010864,"z":-0.1710214763879776,"w":0.6787082552909851},"size":173.78419494628907,"orthographic":false}