{"cameraMode":{"drawMode":0,"name":"Shaded","section":"Shading Mode"},"sceneLighting":false,"audioPlay":false,"sceneViewState":{"showFog":true,"showMaterialUpdate":true,"showSkybox":false,"showFlares":true,"showImageEffects":true,"showParticleSystems":true},"in2DMode":false,"pivot":{"x":21.539024353027345,"y":4.900533676147461,"z":-18.26453399658203},"rotation":{"x":-0.09226619452238083,"y":-0.0005906823207624257,"z":0.00005133698505233042,"w":-0.9957264065742493},"size":9.381285667419434,"orthographic":false}