{"cameraMode":{"drawMode":0,"name":"Shaded","section":"Shading Mode"},"sceneLighting":true,"audioPlay":false,"sceneViewState":{"showFog":true,"showMaterialUpdate":true,"showSkybox":true,"showFlares":true,"showImageEffects":true,"showParticleSystems":true},"in2DMode":false,"pivot":{"x":105.02871704101563,"y":43.239662170410159,"z":140.01419067382813},"rotation":{"x":0.08364034444093704,"y":-0.541954517364502,"z":0.05431903898715973,"w":0.8344612121582031},"size":150.0721435546875,"orthographic":false}