{"cameraMode":{"drawMode":0,"name":"Shaded","section":"Shading Mode"},"sceneLighting":true,"audioPlay":false,"sceneViewState":{"showFog":true,"showMaterialUpdate":true,"showSkybox":true,"showFlares":true,"showImageEffects":true,"showParticleSystems":true},"in2DMode":false,"pivot":{"x":9.573914527893067,"y":-1.9304269552230836,"z":2.747112989425659},"rotation":{"x":-0.20680712163448335,"y":-0.5043359398841858,"z":0.12582901120185853,"w":-0.8289167284965515},"size":17.1845645904541,"orthographic":false}