{"cameraMode":{"drawMode":0,"name":"Shaded","section":"Shading Mode"},"sceneLighting":true,"audioPlay":false,"sceneViewState":{"showFog":true,"showMaterialUpdate":true,"showSkybox":true,"showFlares":true,"showImageEffects":true,"showParticleSystems":true},"in2DMode":false,"pivot":{"x":-32.38919448852539,"y":-8.838268280029297,"z":0.3513701856136322},"rotation":{"x":-0.19300398230552674,"y":0.6497033834457398,"z":-0.17561206221580506,"w":-0.7139788866043091},"size":59.37602615356445,"orthographic":false}