{"cameraMode":{"drawMode":0,"name":"Shaded","section":"Shading Mode"},"sceneLighting":false,"audioPlay":false,"sceneViewState":{"showFog":true,"showMaterialUpdate":true,"showSkybox":false,"showFlares":true,"showImageEffects":true,"showParticleSystems":true},"in2DMode":false,"pivot":{"x":558.4737548828125,"y":315.8096008300781,"z":0.6518002152442932},"rotation":{"x":0.17085407674312592,"y":-0.6911400556564331,"z":-0.17352727055549622,"w":-0.6804297566413879},"size":5.802369594573975,"orthographic":false}