{"cameraMode":{"drawMode":0,"name":"Shaded","section":"Shading Mode"},"sceneLighting":false,"audioPlay":false,"sceneViewState":{"showFog":true,"showMaterialUpdate":true,"showSkybox":false,"showFlares":true,"showImageEffects":true,"showParticleSystems":true},"in2DMode":false,"pivot":{"x":105.75485229492188,"y":14.991619110107422,"z":91.57826232910156},"rotation":{"x":-0.09644585102796555,"y":0.2536110281944275,"z":-0.025385556742548944,"w":-0.9621246457099915},"size":61.895957946777347,"orthographic":false}