{"cameraMode":{"drawMode":0,"name":"Shaded","section":"Shading Mode"},"sceneLighting":true,"audioPlay":false,"sceneViewState":{"showFog":true,"showMaterialUpdate":false,"showSkybox":true,"showFlares":true,"showImageEffects":true,"showParticleSystems":true},"in2DMode":false,"pivot":{"x":1.657421588897705,"y":1.2187244892120362,"z":0.9826422929763794},"rotation":{"x":-0.06500575691461563,"y":-0.5547453165054321,"z":0.04352525621652603,"w":-0.8283628821372986},"size":4.008727073669434,"orthographic":false}