{"cameraMode":{"drawMode":0,"name":"Shaded","section":"Shading Mode"},"sceneLighting":false,"audioPlay":false,"sceneViewState":{"showFog":true,"showMaterialUpdate":true,"showSkybox":false,"showFlares":true,"showImageEffects":true,"showParticleSystems":true},"in2DMode":false,"pivot":{"x":-1.4028501510620118,"y":2.640857696533203,"z":-0.09571219235658646},"rotation":{"x":0.24891261756420136,"y":0.4461974799633026,"z":-0.130737766623497,"w":0.8496254682540894},"size":1.5301663875579835,"orthographic":false}