{"cameraMode":{"drawMode":0,"name":"Shaded","section":"Shading Mode"},"sceneLighting":true,"audioPlay":false,"sceneViewState":{"showFog":true,"showMaterialUpdate":false,"showSkybox":true,"showFlares":true,"showImageEffects":true,"showParticleSystems":true},"in2DMode":false,"pivot":{"x":41.505157470703128,"y":-93.94418334960938,"z":171.07095336914063},"rotation":{"x":-0.05233986675739288,"y":-0.4618186950683594,"z":0.027402013540267946,"w":-0.8850736618041992},"size":10.828453063964844,"orthographic":false}