{"cameraMode":{"drawMode":0,"name":"Shaded","section":"Shading Mode"},"sceneLighting":false,"audioPlay":false,"sceneViewState":{"showFog":true,"showMaterialUpdate":true,"showSkybox":false,"showFlares":true,"showImageEffects":true,"showParticleSystems":true},"in2DMode":false,"pivot":{"x":2.3520781993865969,"y":2.267895221710205,"z":3.622788429260254},"rotation":{"x":0.023656630888581277,"y":0.727367639541626,"z":-0.025103101506829263,"w":0.685390293598175},"size":4.111856460571289,"orthographic":false}