{"cameraMode":{"drawMode":0,"name":"Shaded","section":"Shading Mode"},"sceneLighting":false,"audioPlay":false,"sceneViewState":{"showFog":true,"showMaterialUpdate":true,"showSkybox":false,"showFlares":true,"showImageEffects":true,"showParticleSystems":true},"in2DMode":false,"pivot":{"x":2.8580751419067385,"y":1.1716290712356568,"z":5.630251884460449},"rotation":{"x":0.09218286722898483,"y":-0.6916871666908264,"z":0.08972542732954025,"w":0.7106220126152039},"size":1.821082592010498,"orthographic":false}