{"cameraMode":{"drawMode":0,"name":"Shaded","section":"Shading Mode"},"sceneLighting":false,"audioPlay":false,"sceneViewState":{"showFog":true,"showMaterialUpdate":true,"showSkybox":false,"showFlares":true,"showImageEffects":true,"showParticleSystems":true},"in2DMode":false,"pivot":{"x":3.7499310970306398,"y":12.433428764343262,"z":121.34093475341797},"rotation":{"x":-0.008872147649526596,"y":-0.9851709008216858,"z":0.162526935338974,"w":-0.05384358391165733},"size":13.190069198608399,"orthographic":false}