{"cameraMode":{"drawMode":0,"name":"Shaded","section":"Shading Mode"},"sceneLighting":true,"audioPlay":false,"sceneViewState":{"showFog":true,"showMaterialUpdate":true,"showSkybox":true,"showFlares":true,"showImageEffects":true,"showParticleSystems":true},"in2DMode":false,"pivot":{"x":5.08552885055542,"y":-10.679617881774903,"z":-6.652092456817627},"rotation":{"x":-0.05150934308767319,"y":-0.9267089366912842,"z":0.3456437289714813,"w":-0.1380755454301834},"size":28.084426879882814,"orthographic":false}