{"cameraMode":{"drawMode":0,"name":"Shaded","section":"Shading Mode"},"sceneLighting":true,"audioPlay":false,"sceneViewState":{"showFog":true,"showMaterialUpdate":true,"showSkybox":true,"showFlares":true,"showImageEffects":true,"showParticleSystems":true},"in2DMode":false,"pivot":{"x":-19.773046493530275,"y":-5.706565856933594,"z":9.404593467712403},"rotation":{"x":0.1640377938747406,"y":-0.46156638860702517,"z":0.08728241175413132,"w":0.867435872554779},"size":33.44930648803711,"orthographic":false}