{"cameraMode":{"drawMode":0,"name":"Shaded","section":"Shading Mode"},"sceneLighting":false,"audioPlay":false,"sceneViewState":{"showFog":true,"showMaterialUpdate":true,"showSkybox":false,"showFlares":true,"showImageEffects":true,"showParticleSystems":true},"in2DMode":false,"pivot":{"x":3.8962016105651857,"y":5.108335018157959,"z":-15.550196647644043},"rotation":{"x":-0.06782449036836624,"y":0.9240002036094666,"z":-0.19493038952350617,"w":-0.32174602150917055},"size":96.51302337646485,"orthographic":false}