{"cameraMode":{"drawMode":0,"name":"Shaded","section":"Shading Mode"},"sceneLighting":true,"audioPlay":false,"sceneViewState":{"showFog":true,"showMaterialUpdate":true,"showSkybox":false,"showFlares":true,"showImageEffects":true,"showParticleSystems":true},"in2DMode":false,"pivot":{"x":105.34104919433594,"y":2.3032383918762209,"z":-30.808116912841798},"rotation":{"x":-0.0916472002863884,"y":-0.5677284002304077,"z":0.06379541009664536,"w":-0.8156043291091919},"size":15.725663185119629,"orthographic":false}