{"cameraMode":{"drawMode":0,"name":"Shaded","section":"Shading Mode"},"sceneLighting":false,"audioPlay":false,"sceneViewState":{"showFog":true,"showMaterialUpdate":true,"showSkybox":false,"showFlares":true,"showImageEffects":true,"showParticleSystems":true},"in2DMode":false,"pivot":{"x":16.596914291381837,"y":4.931687355041504,"z":-24.503896713256837},"rotation":{"x":0.11376797407865524,"y":0.5516564846038818,"z":-0.0762568935751915,"w":0.8226997256278992},"size":9.381285667419434,"orthographic":false}